poi_id_1,poi_id_2,distance
54,52,366.962
54,70,1745.225
54,74,840.9279999999999
54,51,829.777
54,73,878.9269999999999
54,63,2136.5040000000004
54,62,794.014
54,79,209.14299999999997
54,48,647.6909999999999
54,77,1039.9
54,78,243.519
54,44,648.1690000000001
54,110,334.867
54,72,304.764
54,53,466.605
54,56,304.764
54,57,270.426
54,58,322.803
54,59,359.62600000000003
54,60,365.99100000000004
54,46,449.72700000000003
54,47,637.583
54,55,275.865
54,43,1098.272
54,49,892.019
54,75,1044.655
54,100,1987.174
54,101,2188.47
54,102,1995.979
54,50,1184.161
54,201,902.0249999999999
54,200,965.566
54,42,637.583
54,45,305.098
54,202,1597.1629999999998
54,71,1159.256
54,61,508.63100000000014
54,76,1129.1989999999998
54,203,337.70300000000003
52,54,366.96200000000005
52,70,1799.4359999999997
52,74,888.1389999999999
52,51,897.239
52,73,656.13
52,63,1894.6659999999997
52,62,1050.783
52,79,461.88000000000005
52,48,900.4279999999999
52,77,1130.86
52,78,496.25600000000003
52,44,735.9730000000002
52,110,531.619
52,72,515.0939999999999
52,53,99.643
52,56,515.0939999999999
52,57,523.163
52,58,575.5400000000001
52,59,612.363
52,60,562.7429999999999
52,46,361.804
52,47,549.6600000000001
52,55,528.6020000000001
52,43,1152.4830000000002
52,49,1083.584
52,75,1226.68
52,100,2078.134
52,101,1946.632
52,102,2058.774
52,50,1238.3719999999998
52,201,1158.7939999999999
52,200,877.643
52,42,549.6600000000001
52,45,557.835
52,202,1832.8940000000002
52,71,1213.467
52,61,751.5160000000002
52,76,1220.159
52,203,590.44
70,54,1745.2249999999997
70,52,1799.4359999999997
70,74,2317.9459999999995
70,51,915.4480000000001
70,73,1973.0659999999998
70,63,823.14
70,62,1846.4869999999999
70,79,1662.3839999999998
70,48,1689.7859999999998
70,77,1005.6380000000001
70,78,1628.0079999999998
70,44,1097.056
70,110,1410.358
70,72,1551.6409999999996
70,53,1749.725
70,56,1551.6409999999996
70,57,1606.2679999999998
70,58,1553.9559999999997
70,59,1590.7789999999998
70,60,1542.8009999999997
70,46,2118.61
70,47,2306.466
70,55,1660.3539999999998
70,43,755.5630000000001
70,49,1222.253
70,75,2521.6730000000007
70,100,1211.7199999999998
70,101,902.3060000000002
70,102,627.889
70,50,645.8780000000002
70,201,1958.963
70,200,2476.1620000000003
70,42,2306.466
70,45,1776.9839999999997
70,202,1659.62
70,71,620.9730000000001
70,61,1610.7649999999999
70,76,910.6380000000001
70,203,1568.8559999999998
74,54,840.9279999999999
74,52,888.139
74,70,2317.9459999999995
74,51,1455.9540000000002
74,73,949.0020000000001
74,63,2682.073
74,62,802.825
74,79,724.8820000000001
74,48,828.242
74,77,1327.7440000000001
74,78,759.258
74,44,1274.346
74,110,973.4960000000001
74,72,840.5829999999999
74,53,987.782
74,56,840.5829999999999
74,57,786.165
74,58,828.0229999999999
74,59,819.4569999999999
74,60,891.211
74,46,526.3349999999999
74,47,389.946
74,55,791.604
74,43,1724.449
74,49,1095.693
74,75,418.555
74,100,2275.0179999999996
74,101,2734.039
74,102,2566.1249999999995
74,50,1789.977
74,201,685.1879999999999
74,200,301.30600000000004
74,42,389.946
74,45,620.4929999999999
74,202,1563.794
74,71,1765.0720000000001
74,61,759.9449999999999
74,76,1424.1640000000002
74,203,813.123
51,54,829.7769999999999
51,52,897.239
51,70,915.448
51,74,1455.9540000000004
51,73,1142.68
51,63,1408.4170000000001
51,62,1130.8369999999998
51,79,746.9359999999999
51,48,874.0939999999998
51,77,324.442
51,78,712.56
51,44,181.608
51,110,494.90999999999997
51,72,636.1929999999999
51,53,855.561
51,56,636.1929999999999
51,57,690.8199999999999
51,58,638.5079999999999
51,59,675.3309999999999
51,60,627.3529999999998
51,46,1212.6150000000002
51,47,1400.471
51,55,744.906
51,43,268.495
51,49,456.11100000000005
51,75,1659.6810000000003
51,100,1266.3570000000002
51,101,1491.4390000000003
51,102,1174.7859999999998
51,50,354.384
51,201,1243.3129999999999
51,200,1614.1700000000003
51,42,1400.471
51,45,861.5359999999998
51,202,1118.681
51,71,329.47900000000004
51,61,704.1639999999999
51,76,402.1170000000001
51,203,653.4079999999999
73,54,878.9269999999999
73,52,656.1300000000001
73,70,1973.0660000000003
73,74,949.002
73,51,1142.68
73,63,1807.7269999999999
73,62,1527.2610000000004
73,79,949.509
73,48,1261.6200000000001
73,77,1402.9099999999999
73,78,921.9970000000001
73,44,1012.8520000000001
73,110,855.4760000000001
73,72,838.951
73,53,556.4870000000001
73,56,838.951
73,57,902.258
73,58,899.6300000000001
73,59,936.453
73,60,886.5999999999999
73,46,429.19999999999993
73,47,607.42
73,55,954.3430000000001
73,43,1381.7649999999999
73,49,1376.2379999999998
73,75,1284.44
73,100,2350.1839999999993
73,101,1859.6930000000002
73,102,2234.132
73,50,1462.1239999999998
73,201,1589.5040000000004
73,200,935.403
73,42,607.42
73,45,1076.3400000000001
73,202,2104.944
73,71,1437.219
73,61,1075.373
73,76,1492.2089999999998
73,203,914.53
63,54,2136.504000000001
63,52,1894.6660000000004
63,70,823.1399999999998
63,74,2682.0730000000003
63,51,1408.4169999999997
63,73,1807.7270000000005
63,62,2340.7849999999994
63,79,2055.5380000000005
63,48,2184.084
63,77,1499.936
63,78,2021.1620000000003
63,44,1493.7640000000004
63,110,1801.6370000000006
63,72,1942.9200000000005
63,53,1795.0230000000004
63,56,1942.9200000000005
63,57,1999.4220000000005
63,58,1947.1100000000006
63,59,1983.9330000000004
63,60,1934.0800000000004
63,46,2155.7380000000007
63,47,2343.594000000001
63,55,2053.5080000000003
63,43,1248.5319999999995
63,49,1716.5509999999992
63,75,2971.8369999999995
63,100,1734.2199999999996
63,101,265.04300000000006
63,102,1055.6629999999998
63,50,1138.847
63,201,2453.2609999999995
63,200,2671.577
63,42,2343.594000000001
63,45,2173.692
63,202,2164.443999999999
63,71,1113.9420000000002
63,61,2016.3200000000002
63,76,1404.9359999999995
63,203,1962.0100000000002
62,54,794.014
62,52,1050.783
62,70,1846.487
62,74,802.8250000000002
62,51,1130.837
62,73,1527.261
62,63,2340.7850000000003
62,79,677.134
62,48,270.837
62,77,878.172
62,78,711.51
62,44,949.229
62,110,682.765
62,72,701.8499999999999
62,53,1112.0279999999998
62,56,701.8499999999999
62,57,691.3409999999999
62,58,662.853
62,59,627.3620000000001
62,60,716.2969999999999
62,46,1170.9529999999997
62,47,1073.0579999999998
62,55,743.856
62,43,1301.361
62,49,724.964
62,75,1006.552
62,100,1650.3480000000002
62,101,2423.8070000000002
62,102,2094.6659999999997
62,50,1318.5180000000003
62,201,289.942
62,200,1104.1309999999999
62,42,1073.0579999999998
62,45,572.745
62,202,935.7840000000001
62,71,1293.6130000000003
62,61,451.888
62,76,952.705
62,203,648.461
79,54,209.143
79,52,461.88
79,70,1662.3840000000002
79,74,724.8819999999998
79,51,746.9360000000001
79,73,949.509
79,63,2055.5380000000005
79,62,677.134
79,48,469.424
79,77,830.7570000000002
79,78,34.376
79,44,565.3280000000001
79,110,253.90099999999998
79,72,117.422
79,53,434.894
79,56,117.422
79,57,61.283
79,58,113.66
79,59,150.483
79,60,171.616
79,46,635.119
79,47,821.73
79,55,66.722
79,43,1015.4309999999999
79,49,712.2880000000001
79,75,928.6089999999999
79,100,1778.031
79,101,2107.5040000000004
79,102,1913.1380000000006
79,50,1101.32
79,201,785.1449999999999
79,200,883.098
79,42,821.73
79,45,126.831
79,202,1418.914
79,71,1076.415
79,61,308.81800000000004
79,76,920.056
79,203,128.56
48,54,647.6909999999999
48,52,900.428
48,70,1689.7859999999998
48,74,828.242
48,51,874.0939999999998
48,73,1261.6200000000001
48,63,2184.084
48,62,270.83700000000005
48,79,469.42400000000004
48,77,721.4709999999999
48,78,452.60699999999997
48,44,692.4859999999999
48,110,417.12399999999997
48,72,436.20899999999995
48,53,904.318
48,56,436.20899999999995
48,57,425.69999999999993
48,58,397.212
48,59,361.72099999999995
48,60,450.65599999999995
48,46,1034.219
48,47,936.324
48,55,484.953
48,43,1124.2999999999997
48,49,494.525
48,75,1031.9689999999998
48,100,1583.746
48,101,2238.216000000001
48,102,1937.9649999999997
48,50,1161.817
48,201,383.31300000000005
48,200,986.458
48,42,936.324
48,45,365.035
48,202,965.3639999999998
48,71,1136.912
48,61,186.247
48,76,796.0039999999999
48,203,382.82
77,54,1039.9
77,52,1130.8600000000001
77,70,1005.638
77,74,1327.7439999999997
77,51,324.44200000000006
77,73,1402.9099999999996
77,63,1499.936
77,62,878.1719999999999
77,79,830.757
77,48,721.4709999999999
77,78,796.3809999999999
77,44,406.16400000000004
77,110,719.4659999999998
77,72,779.3559999999998
77,53,1089.1820000000002
77,56,779.3559999999998
77,57,774.6409999999998
77,58,722.3289999999998
77,59,694.8929999999998
77,60,775.7729999999999
77,46,1437.171
77,47,1434.9619999999998
77,55,828.7269999999999
77,43,423.189
77,49,232.05100000000002
77,75,1531.4709999999998
77,100,962.71
77,101,1582.958
77,102,1253.8169999999998
77,50,477.66900000000004
77,201,990.648
77,200,1485.9599999999998
77,42,1434.9619999999998
77,45,819.2779999999999
77,202,794.2389999999999
77,71,452.76400000000007
77,61,627.6839999999997
77,76,111.856
77,203,715.9919999999997
78,54,243.519
78,52,496.256
78,70,1628.0080000000003
78,74,759.2579999999998
78,51,712.5600000000002
78,73,921.9970000000003
78,63,2021.1620000000005
78,62,711.51
78,79,34.376
78,48,452.60699999999997
78,77,796.3810000000002
78,44,530.9520000000001
78,110,219.52499999999998
78,72,83.046
78,53,469.27
78,56,83.046
78,57,26.907
78,58,79.284
78,59,116.107
78,60,137.24
78,46,669.495
78,47,856.106
78,55,32.346
78,43,981.055
78,49,678.4930000000002
78,75,962.9849999999999
78,100,1743.655
78,101,2073.128
78,102,1878.7620000000006
78,50,1066.944
78,201,819.5209999999998
78,200,917.4739999999999
78,42,856.106
78,45,161.207
78,202,1412.6930000000004
78,71,1042.039
78,61,276.04400000000004
78,76,885.6800000000001
78,203,94.184
44,54,648.169
44,52,735.973
44,70,1097.056
44,74,1274.3460000000002
44,51,181.608
44,73,1012.8519999999999
44,63,1493.7640000000004
44,62,949.2289999999997
44,79,565.328
44,48,692.4859999999999
44,77,406.164
44,78,530.952
44,110,313.302
44,72,454.5849999999999
44,53,694.295
44,56,454.5849999999999
44,57,509.212
44,58,456.9
44,59,493.72299999999996
44,60,445.7449999999999
44,46,1031.007
44,47,1218.8629999999998
44,55,563.298
44,43,450.10299999999995
44,49,422.657
44,75,1478.073
44,100,1353.4379999999999
44,101,1545.7300000000002
44,102,1347.8100000000002
44,50,535.992
44,201,1061.7049999999997
44,200,1432.5620000000001
44,42,1218.8629999999998
44,45,679.9279999999999
44,202,1108.198
44,71,511.087
44,61,522.5559999999999
44,76,495.46299999999997
44,203,471.79999999999995
110,54,334.86699999999996
110,52,531.619
110,70,1410.3580000000002
110,74,973.4959999999994
110,51,494.90999999999997
110,73,855.4760000000003
110,63,1801.6370000000004
110,62,682.7650000000001
110,79,253.901
110,48,417.12399999999997
110,77,719.4659999999999
110,78,219.525
110,44,313.302
110,72,141.28300000000002
110,53,498.451
110,56,141.28300000000002
110,57,197.785
110,58,145.473
110,59,182.296
110,60,132.443
110,46,717.7049999999999
110,47,905.5609999999999
110,55,251.871
110,43,763.4049999999999
110,49,624.3530000000001
110,75,1177.2229999999997
110,100,1666.74
110,101,1853.6030000000003
110,102,1661.1120000000003
110,50,849.294
110,201,795.241
110,200,1131.7119999999998
110,42,905.5609999999999
110,45,379.07800000000003
110,202,1358.5530000000003
110,71,824.389
110,61,230.877
110,76,808.765
110,203,160.373
72,54,304.764
72,52,515.094
72,70,1551.641
72,74,840.5829999999996
72,51,636.193
72,73,838.9510000000002
72,63,1942.9200000000003
72,62,701.85
72,79,117.422
72,48,436.20899999999995
72,77,779.3560000000001
72,78,83.046
72,44,454.58500000000004
72,110,141.28300000000002
72,53,481.92600000000004
72,56,0.0
72,57,63.307
72,58,62.396
72,59,99.219
72,60,62.34400000000001
72,46,690.1290000000001
72,47,877.9850000000001
72,55,115.392
72,43,904.6879999999999
72,49,661.4680000000001
72,75,1044.3099999999997
72,100,1726.6299999999999
72,101,1994.8860000000002
72,102,1802.3950000000002
72,50,990.577
72,201,814.326
72,200,998.7989999999998
72,42,877.9850000000001
72,45,244.25300000000001
72,202,1395.6680000000003
72,71,965.672
72,61,259.646
72,76,868.655
72,203,77.29599999999999
53,54,466.6050000000001
53,52,99.643
53,70,1749.7249999999997
53,74,987.7819999999999
53,51,855.5609999999999
53,73,556.487
53,63,1795.0229999999997
53,62,1112.028
53,79,434.89399999999995
53,48,904.3180000000001
53,77,1089.1819999999998
53,78,469.27
53,44,694.2950000000001
53,110,498.45099999999996
53,72,481.92599999999993
53,56,481.92599999999993
53,57,496.17699999999996
53,58,542.605
53,59,579.428
53,60,529.5749999999999
53,46,461.447
53,47,649.3030000000001
53,55,501.616
53,43,1102.7720000000002
53,49,1041.9060000000002
53,75,1326.323
53,100,2036.456
53,101,1846.989
53,102,2009.0629999999996
53,50,1188.6609999999998
53,201,1220.0389999999998
53,200,977.2860000000001
53,42,649.3030000000001
53,45,561.725
53,202,1791.2160000000001
53,71,1163.756
53,61,718.3480000000001
53,76,1178.481
53,203,557.505
56,54,304.764
56,52,515.094
56,70,1551.641
56,74,840.5829999999996
56,51,636.193
56,73,838.9510000000002
56,63,1942.9200000000003
56,62,701.85
56,79,117.422
56,48,436.20899999999995
56,77,779.3560000000001
56,78,83.046
56,44,454.58500000000004
56,110,141.28300000000002
56,72,0.0
56,53,481.92600000000004
56,57,63.307
56,58,62.396
56,59,99.219
56,60,62.34400000000001
56,46,690.1290000000001
56,47,877.9850000000001
56,55,115.392
56,43,904.6879999999999
56,49,661.4680000000001
56,75,1044.3099999999997
56,100,1726.6299999999999
56,101,1994.8860000000002
56,102,1802.3950000000002
56,50,990.577
56,201,814.326
56,200,998.7989999999998
56,42,877.9850000000001
56,45,244.25300000000001
56,202,1395.6680000000003
56,71,965.672
56,61,259.646
56,76,868.655
56,203,77.29599999999999
57,54,270.42600000000004
57,52,523.163
57,70,1606.268
57,74,786.1649999999998
57,51,690.8200000000002
57,73,902.2580000000003
57,63,1999.4220000000005
57,62,691.341
57,79,61.282999999999994
57,48,425.69999999999993
57,77,774.6410000000002
57,78,26.907
57,44,509.2120000000001
57,110,197.78499999999997
57,72,63.307
57,53,496.177
57,56,63.307
57,58,52.377
57,59,89.2
57,60,115.50000000000001
57,46,696.402
57,47,883.013
57,55,59.25299999999999
57,43,959.3149999999999
57,49,652.6070000000001
57,75,989.8919999999999
57,100,1721.915
57,101,2051.3880000000004
57,102,1857.0220000000004
57,50,1045.204
57,201,803.817
57,200,944.381
57,42,883.013
57,45,188.114
57,202,1385.868
57,71,1020.299
57,61,249.137
57,76,863.94
57,203,67.277
58,54,322.80300000000005
58,52,575.54
58,70,1553.9560000000001
58,74,828.0229999999996
58,51,638.508
58,73,899.6300000000002
58,63,1947.1100000000004
58,62,662.8530000000001
58,79,113.66
58,48,397.21200000000005
58,77,722.3290000000001
58,78,79.28399999999999
58,44,456.90000000000015
58,110,145.473
58,72,62.396
58,53,542.605
58,56,62.396
58,57,52.377
58,59,36.823
58,60,63.188
58,46,748.779
58,47,925.0989999999997
58,55,111.63
58,43,907.0029999999998
58,49,604.441
58,75,1031.7499999999998
58,100,1669.6029999999998
58,101,1999.0760000000002
58,102,1804.7100000000005
58,50,992.8919999999998
58,201,775.329
58,200,986.2389999999997
58,42,925.0989999999997
58,45,233.605
58,202,1338.6410000000003
58,71,967.9869999999999
58,61,210.96499999999997
58,76,811.6279999999999
58,203,14.9
59,54,359.6260000000001
59,52,612.3629999999999
59,70,1590.7790000000002
59,74,819.4569999999997
59,51,675.331
59,73,936.4530000000002
59,63,1983.9330000000004
59,62,627.3620000000001
59,79,150.483
59,48,361.721
59,77,694.893
59,78,116.10699999999999
59,44,493.7230000000002
59,110,182.29600000000002
59,72,99.219
59,53,579.428
59,56,99.219
59,57,89.19999999999999
59,58,36.823
59,60,100.011
59,46,785.602
59,47,916.5329999999998
59,55,148.453
59,43,943.8259999999998
59,49,577.0050000000001
59,75,1023.1839999999997
59,100,1642.1669999999997
59,101,2035.8990000000003
59,102,1841.5330000000006
59,50,1029.715
59,201,739.838
59,200,977.6729999999998
59,42,916.5329999999998
59,45,225.039
59,202,1311.2050000000002
59,71,1004.8099999999998
59,61,175.474
59,76,784.1919999999999
59,203,21.923
60,54,365.991
60,52,562.7429999999999
60,70,1542.8010000000002
60,74,891.2109999999994
60,51,627.3529999999998
60,73,886.6000000000003
60,63,1934.0800000000004
60,62,716.297
60,79,171.616
60,48,450.65600000000006
60,77,775.773
60,78,137.24
60,44,445.74500000000006
60,110,132.443
60,72,62.344
60,53,529.575
60,56,62.344
60,57,115.5
60,58,63.188
60,59,100.011
60,46,748.829
60,47,936.685
60,55,169.586
60,43,895.8479999999997
60,49,657.885
60,75,1094.9379999999996
60,100,1723.0469999999996
60,101,1986.0460000000003
60,102,1793.5550000000003
60,50,981.7369999999999
60,201,828.7729999999999
60,200,1049.4269999999997
60,42,936.685
60,45,296.793
60,202,1392.085
60,71,956.8319999999999
60,61,264.409
60,76,865.0719999999999
60,203,78.088
46,54,449.727
46,52,361.804
46,70,2118.6099999999997
46,74,526.3349999999999
46,51,1212.6149999999998
46,73,429.2
46,63,2155.738
46,62,1170.953
46,79,635.119
46,48,1034.219
46,77,1437.1709999999998
46,78,669.495
46,44,1031.007
46,110,717.705
46,72,690.129
46,53,461.447
46,56,690.129
46,57,696.402
46,58,748.7790000000001
46,59,785.6020000000001
46,60,748.8290000000001
46,47,187.856
46,55,701.841
46,43,1471.6570000000002
46,49,1279.042
46,75,864.876
46,100,2384.4449999999997
46,101,2207.704
46,102,2377.948
46,50,1557.5460000000003
46,201,1166.8370000000002
46,200,515.839
46,42,187.856
46,45,692.1210000000001
46,202,1974.1019999999999
46,71,1532.641
46,61,920.2539999999999
46,76,1526.4699999999998
46,203,763.6790000000001
47,54,637.5829999999999
47,52,549.6599999999999
47,70,2306.4659999999994
47,74,389.94599999999997
47,51,1400.4709999999998
47,73,607.4199999999998
47,63,2343.5939999999996
47,62,1073.058
47,79,821.73
47,48,936.324
47,77,1434.9620000000002
47,78,856.106
47,44,1218.863
47,110,905.5609999999999
47,72,877.9849999999999
47,53,649.3029999999999
47,56,877.9849999999999
47,57,883.013
47,58,925.099
47,59,916.533
47,60,936.685
47,46,187.856
47,55,888.4519999999999
47,43,1659.5130000000001
47,49,1202.9110000000003
47,75,705.322
47,100,2382.2359999999994
47,101,2395.56
47,102,2565.8039999999996
47,50,1745.4020000000003
47,201,1030.448
47,200,356.285
47,42,0.0
47,45,717.341
47,202,1876.2069999999999
47,71,1720.497
47,61,867.163
47,76,1531.382
47,203,910.199
55,54,275.865
55,52,528.602
55,70,1660.3540000000003
55,74,791.6039999999998
55,51,744.9060000000002
55,73,954.3430000000003
55,63,2053.5080000000007
55,62,743.856
55,79,66.72200000000001
55,48,484.953
55,77,828.7270000000002
55,78,32.346000000000004
55,44,563.2980000000001
55,110,251.87099999999998
55,72,115.39200000000001
55,53,501.616
55,56,115.39200000000001
55,57,59.253
55,58,111.63000000000001
55,59,148.453
55,60,169.586
55,46,701.841
55,47,888.452
55,43,1013.401
55,49,710.8390000000002
55,75,995.3309999999999
55,100,1776.001
55,101,2105.474
55,102,1911.1080000000006
55,50,1099.29
55,201,851.8669999999998
55,200,949.8199999999999
55,42,888.452
55,45,193.553
55,202,1445.0390000000004
55,71,1074.385
55,61,308.39000000000004
55,76,918.0260000000001
55,203,126.53
43,54,1098.272
43,52,1152.483
43,70,755.5629999999999
43,74,1724.4490000000005
43,51,268.495
43,73,1381.7649999999999
43,63,1248.5320000000002
43,62,1301.3610000000003
43,79,1015.4309999999999
43,48,1124.3
43,77,423.1890000000001
43,78,981.055
43,44,450.103
43,110,763.405
43,72,904.6879999999999
43,53,1102.7720000000002
43,56,904.6879999999999
43,57,959.3149999999999
43,58,907.0029999999999
43,59,943.8259999999999
43,60,895.8479999999998
43,46,1471.6570000000004
43,47,1659.5130000000001
43,55,1013.401
43,49,629.7749999999999
43,75,1928.1760000000004
43,100,1234.5070000000003
43,101,1331.5540000000003
43,102,1015.4089999999999
43,50,194.49900000000002
43,201,1413.837
43,200,1882.6650000000004
43,42,1659.5130000000001
43,45,1130.031
43,202,1141.214
43,71,169.59400000000002
43,61,972.6589999999999
43,76,370.26700000000005
43,203,921.9029999999999
49,54,892.0190000000001
49,52,1083.5839999999998
49,70,1222.2529999999997
49,74,1095.693
49,51,456.111
49,73,1376.2379999999996
49,63,1716.551
49,62,724.964
49,79,712.2879999999999
49,48,494.5250000000001
49,77,232.05100000000002
49,78,678.493
49,44,422.65700000000004
49,110,624.353
49,72,661.468
49,53,1041.906
49,56,661.468
49,57,652.6069999999999
49,58,604.4409999999999
49,59,577.005
49,60,657.8849999999999
49,46,1279.0420000000004
49,47,1202.911
49,55,710.8389999999998
49,43,629.7750000000001
49,75,1299.42
49,100,1179.3249999999996
49,101,1799.573
49,102,1470.4319999999998
49,50,694.284
49,201,837.4399999999999
49,200,1253.909
49,42,1202.911
49,45,608.4499999999999
49,202,795.1769999999999
49,71,669.379
49,61,413.154
49,76,328.471
49,203,598.1039999999999
75,54,1044.655
75,52,1226.6799999999998
75,70,2521.672999999999
75,74,418.55500000000006
75,51,1659.6809999999998
75,73,1284.4399999999998
75,63,2971.8369999999995
75,62,1006.5520000000002
75,79,928.609
75,48,1031.9689999999998
75,77,1531.4709999999998
75,78,962.985
75,44,1478.0729999999999
75,110,1177.223
75,72,1044.31
75,53,1326.3229999999999
75,56,1044.31
75,57,989.8919999999999
75,58,1031.75
75,59,1023.1840000000001
75,60,1094.938
75,46,864.8760000000001
75,47,705.322
75,55,995.331
75,43,1928.1759999999997
75,49,1299.42
75,100,2478.7449999999985
75,101,3023.8029999999994
75,102,2769.851999999999
75,50,1993.7039999999997
75,201,883.2980000000001
75,200,573.546
75,42,705.322
75,45,824.2200000000001
75,202,1767.5209999999997
75,71,1968.7989999999998
75,61,963.6720000000001
75,76,1627.8909999999998
75,203,1016.85
100,54,1987.1739999999995
100,52,2078.134
100,70,1211.7199999999996
100,74,2275.018
100,51,1266.3569999999995
100,73,2350.1839999999993
100,63,1734.2199999999996
100,62,1650.348
100,79,1778.0309999999997
100,48,1583.7459999999999
100,77,962.7100000000003
100,78,1743.6549999999995
100,44,1353.438
100,110,1666.7399999999998
100,72,1726.6299999999994
100,53,2036.4559999999997
100,56,1726.6299999999994
100,57,1721.9149999999997
100,58,1669.6029999999998
100,59,1642.1669999999997
100,60,1723.0469999999996
100,46,2384.4449999999997
100,47,2382.2359999999994
100,55,1776.0009999999995
100,43,1234.5069999999996
100,49,1179.325
100,75,2478.7449999999994
100,101,1688.6749999999995
100,102,831.9939999999999
100,50,1224.8899999999999
100,201,1762.8239999999998
100,200,2433.2339999999995
100,42,2382.2359999999994
100,45,1766.5519999999997
100,202,1031.8149999999998
100,71,1199.985
100,61,1574.9579999999996
100,76,864.2399999999998
100,203,1663.2659999999996
101,54,2188.4700000000007
101,52,1946.632
101,70,902.3059999999998
101,74,2734.0390000000007
101,51,1491.4389999999999
101,73,1859.6930000000002
101,63,265.04299999999995
101,62,2423.8069999999984
101,79,2107.504000000001
101,48,2238.216
101,77,1582.958
101,78,2073.128
101,44,1545.73
101,110,1853.6030000000003
101,72,1994.8860000000002
101,53,1846.989
101,56,1994.8860000000002
101,57,2051.3880000000004
101,58,1999.0760000000002
101,59,2035.8990000000001
101,60,1986.046
101,46,2207.7040000000006
101,47,2395.560000000001
101,55,2105.4740000000006
101,43,1331.5539999999999
101,49,1799.5729999999996
101,75,3023.803
101,100,1688.675
101,102,1010.1179999999999
101,50,1221.8690000000001
101,201,2536.2829999999985
101,200,2723.5430000000006
101,42,2395.560000000001
101,45,2225.6580000000004
101,202,2247.465999999998
101,71,1196.9640000000002
101,61,2068.286
101,76,1487.9579999999999
101,203,2013.9759999999999
102,54,1995.9789999999996
102,52,2058.774
102,70,627.889
102,74,2566.1250000000005
102,51,1174.7859999999998
102,73,2234.1320000000005
102,63,1055.6629999999998
102,62,2094.666
102,79,1913.1379999999997
102,48,1937.965
102,77,1253.817
102,78,1878.762
102,44,1347.81
102,110,1661.112
102,72,1802.3949999999998
102,53,2009.0629999999996
102,56,1802.3949999999998
102,57,1857.022
102,58,1804.7099999999998
102,59,1841.533
102,60,1793.5549999999998
102,46,2377.948000000001
102,47,2565.8040000000005
102,55,1911.108
102,43,1015.4089999999998
102,49,1470.4319999999998
102,75,2769.8520000000003
102,100,831.9940000000001
102,101,1010.1179999999998
102,50,906.9439999999998
102,201,2207.1420000000007
102,200,2724.341
102,42,2565.8040000000005
102,45,2027.7379999999996
102,202,1775.4759999999997
102,71,882.0389999999999
102,61,1858.944
102,76,1158.817
102,203,1819.61
50,54,1184.161
50,52,1238.372
50,70,645.8779999999999
50,74,1789.977
50,51,354.384
50,73,1462.124
50,63,1138.8470000000002
50,62,1318.5180000000003
50,79,1101.3200000000002
50,48,1161.8170000000002
50,77,477.6690000000001
50,78,1066.9440000000002
50,44,535.992
50,110,849.294
50,72,990.5769999999999
50,53,1188.6610000000003
50,56,990.5769999999999
50,57,1045.204
50,58,992.8919999999999
50,59,1029.715
50,60,981.7369999999999
50,46,1557.5460000000005
50,47,1745.4020000000003
50,55,1099.2900000000002
50,43,194.499
50,49,694.2840000000001
50,75,1993.7040000000002
50,100,1224.8899999999999
50,101,1221.8690000000004
50,102,906.9439999999998
50,201,1430.9940000000004
50,200,1948.1930000000002
50,42,1745.4020000000003
50,45,1215.92
50,202,1153.6160000000002
50,71,24.905
50,61,1058.548
50,76,382.669
50,203,1007.7919999999999
201,54,902.0249999999999
201,52,1158.7939999999996
201,70,1958.963
201,74,685.188
201,51,1243.3129999999999
201,73,1589.5040000000001
201,63,2453.2610000000004
201,62,289.94199999999995
201,79,785.1449999999999
201,48,383.313
201,77,990.6479999999999
201,78,819.5209999999998
201,44,1061.705
201,110,795.2409999999998
201,72,814.3259999999998
201,53,1220.0389999999998
201,56,814.3259999999998
201,57,803.8169999999998
201,58,775.3289999999997
201,59,739.838
201,60,828.7729999999997
201,46,1166.837
201,47,1030.4479999999999
201,55,851.8669999999998
201,43,1413.837
201,49,837.4399999999998
201,75,883.2980000000001
201,100,1762.824
201,101,2536.2830000000004
201,102,2207.1420000000003
201,50,1430.9940000000001
201,200,986.4939999999999
201,42,1030.4479999999999
201,45,680.7559999999999
201,202,899.4549999999999
201,71,1406.0890000000002
201,61,564.364
201,76,1065.1809999999998
201,203,760.9369999999999
200,54,965.5659999999999
200,52,877.6429999999999
200,70,2476.1619999999994
200,74,301.30600000000004
200,51,1614.17
200,73,935.4029999999999
200,63,2671.5769999999998
200,62,1104.131
200,79,883.0980000000001
200,48,986.4580000000001
200,77,1485.96
200,78,917.4740000000002
200,44,1432.562
200,110,1131.7120000000002
200,72,998.799
200,53,977.286
200,56,998.799
200,57,944.3810000000001
200,58,986.2390000000001
200,59,977.6730000000001
200,60,1049.427
200,46,515.8389999999999
200,47,356.28499999999997
200,55,949.8200000000002
200,43,1882.665
200,49,1253.909
200,75,573.546
200,100,2433.2339999999995
200,101,2723.543
200,102,2724.3410000000003
200,50,1948.193
200,201,986.4939999999999
200,42,356.28499999999997
200,45,778.709
200,202,1865.1000000000001
200,71,1923.288
200,61,918.1610000000002
200,76,1582.38
200,203,971.3390000000002
42,54,637.5829999999999
42,52,549.6599999999999
42,70,2306.4659999999994
42,74,389.94599999999997
42,51,1400.4709999999998
42,73,607.4199999999998
42,63,2343.5939999999996
42,62,1073.058
42,79,821.73
42,48,936.324
42,77,1434.9620000000002
42,78,856.106
42,44,1218.863
42,110,905.5609999999999
42,72,877.9849999999999
42,53,649.3029999999999
42,56,877.9849999999999
42,57,883.013
42,58,925.099
42,59,916.533
42,60,936.685
42,46,187.856
42,47,0.0
42,55,888.4519999999999
42,43,1659.5130000000001
42,49,1202.9110000000003
42,75,705.322
42,100,2382.2359999999994
42,101,2395.56
42,102,2565.8039999999996
42,50,1745.4020000000003
42,201,1030.448
42,200,356.285
42,45,717.341
42,202,1876.2069999999999
42,71,1720.497
42,61,867.163
42,76,1531.382
42,203,910.199
45,54,305.098
45,52,557.835
45,70,1776.9840000000004
45,74,620.4929999999998
45,51,861.536
45,73,1076.3400000000001
45,63,2173.6920000000005
45,62,572.745
45,79,126.83100000000002
45,48,365.03499999999997
45,77,819.2779999999999
45,78,161.207
45,44,679.928
45,110,379.07800000000003
45,72,244.25300000000001
45,53,561.725
45,56,244.25300000000001
45,57,188.114
45,58,233.60500000000002
45,59,225.039
45,60,296.793
45,46,692.1210000000001
45,47,717.341
45,55,193.553
45,43,1130.0309999999997
45,49,608.4499999999999
45,75,824.2199999999999
45,100,1766.5519999999997
45,101,2225.6580000000004
45,102,2027.7380000000007
45,50,1215.92
45,201,680.7559999999999
45,200,778.709
45,42,717.341
45,202,1314.525
45,71,1191.015
45,61,253.779
45,76,908.5769999999998
45,203,218.70499999999998
202,54,1597.163
202,52,1832.8939999999998
202,70,1659.6199999999997
202,74,1563.794
202,51,1118.6810000000003
202,73,2104.943999999999
202,63,2164.4439999999995
202,62,935.784
202,79,1418.9140000000002
202,48,965.3640000000001
202,77,794.239
202,78,1412.6930000000002
202,44,1108.198
202,110,1358.5529999999999
202,72,1395.6680000000001
202,53,1791.2159999999997
202,56,1395.6680000000001
202,57,1385.868
202,58,1338.641
202,59,1311.205
202,60,1392.085
202,46,1974.1019999999999
202,47,1876.2069999999999
202,55,1445.0389999999998
202,43,1141.214
202,49,795.177
202,75,1767.521
202,100,1031.8150000000003
202,101,2247.466
202,102,1775.4759999999997
202,50,1153.616
202,201,899.4549999999999
202,200,1865.1000000000001
202,42,1876.2069999999999
202,45,1314.525
202,71,1128.711
202,61,1146.415
202,76,787.803
202,203,1332.304
71,54,1159.256
71,52,1213.467
71,70,620.973
71,74,1765.0720000000001
71,51,329.479
71,73,1437.219
71,63,1113.9420000000002
71,62,1293.6130000000003
71,79,1076.4150000000002
71,48,1136.9120000000003
71,77,452.76400000000007
71,78,1042.0390000000002
71,44,511.087
71,110,824.389
71,72,965.6719999999999
71,53,1163.7560000000003
71,56,965.6719999999999
71,57,1020.299
71,58,967.987
71,59,1004.81
71,60,956.8319999999999
71,46,1532.6410000000005
71,47,1720.4970000000003
71,55,1074.3850000000002
71,43,169.594
71,49,669.3790000000001
71,75,1968.7990000000002
71,100,1199.985
71,101,1196.9640000000004
71,102,882.0389999999999
71,50,24.905
71,201,1406.0890000000004
71,200,1923.2880000000002
71,42,1720.4970000000003
71,45,1191.015
71,202,1128.7110000000002
71,61,1033.643
71,76,357.764
71,203,982.887
61,54,508.631
61,52,751.5160000000001
61,70,1610.7649999999999
61,74,759.9449999999999
61,51,704.164
61,73,1075.3730000000003
61,63,2016.320000000001
61,62,451.88800000000003
61,79,308.81800000000004
61,48,186.24699999999999
61,77,627.684
61,78,276.044
61,44,522.556
61,110,230.87699999999998
61,72,259.64599999999996
61,53,718.3480000000001
61,56,259.64599999999996
61,57,249.13699999999997
61,58,210.965
61,59,175.474
61,60,264.409
61,46,920.2540000000002
61,47,867.163
61,55,308.39
61,43,972.6589999999998
61,49,413.154
61,75,963.672
61,100,1574.9579999999996
61,101,2068.286000000001
61,102,1858.9439999999997
61,50,1058.5479999999998
61,201,564.3639999999999
61,200,918.1610000000001
61,42,867.163
61,45,253.779
61,202,1146.4149999999997
61,71,1033.6429999999998
61,76,716.9829999999998
61,203,196.573
76,54,1129.1990000000003
76,52,1220.1590000000003
76,70,910.638
76,74,1424.164
76,51,402.117
76,73,1492.209
76,63,1404.9360000000001
76,62,952.705
76,79,920.056
76,48,796.004
76,77,111.856
76,78,885.68
76,44,495.463
76,110,808.7649999999999
76,72,868.6549999999999
76,53,1178.481
76,56,868.6549999999999
76,57,863.9399999999999
76,58,811.6279999999999
76,59,784.1919999999999
76,60,865.072
76,46,1526.4700000000005
76,47,1531.382
76,55,918.026
76,43,370.267
76,49,328.471
76,75,1627.891
76,100,864.2400000000001
76,101,1487.9580000000003
76,102,1158.817
76,50,382.669
76,201,1065.1810000000003
76,200,1582.38
76,42,1531.382
76,45,908.577
76,202,787.803
76,71,357.764
76,61,716.983
76,203,805.2909999999998
203,54,337.70300000000003
203,52,590.4399999999999
203,70,1568.8560000000002
203,74,813.1229999999996
203,51,653.408
203,73,914.5300000000002
203,63,1962.0100000000004
203,62,648.461
203,79,128.56
203,48,382.82000000000005
203,77,715.992
203,78,94.184
203,44,471.8000000000001
203,110,160.37300000000002
203,72,77.296
203,53,557.505
203,56,77.296
203,57,67.277
203,58,14.9
203,59,21.923
203,60,78.08800000000001
203,46,763.679
203,47,910.1989999999997
203,55,126.53
203,43,921.9029999999998
203,49,598.104
203,75,1016.8499999999997
203,100,1663.2659999999996
203,101,2013.9760000000003
203,102,1819.6100000000006
203,50,1007.7919999999998
203,201,760.9369999999999
203,200,971.3389999999997
203,42,910.1989999999997
203,45,218.70499999999998
203,202,1332.304
203,71,982.8869999999998
203,61,196.573
203,76,805.2909999999998
